,h2,h3,h4,strong
0,Bouillotte peluche,,,
1,La bouillotte un élément indispensable pour votre confort,,,
2,NOTRE BOUILLOTTE DU MOIS,,,
3,Bouillotte à eau,,,
4,La bouillotte douce et ses biens faits,,,
5,Bouillotte bébé,,,
6,Comment trouver la bouillotte qui vous correspondra ?,,,
7,bouillotte électrique,,,
8,,Bouillotte Ourson Polaire,,
9,,Bouillotte lapin main,,
10,,Bouillotte Lapin,,
11,,Bouillotte Eléphant,,
12,,Bouillotte fourrure,,
13,,Bouillotte moderne,,
14,,Bouillotte laine,,
15,,Bouillotte Large,,
16,,Bouillotte polaire,,
17,,Bouillotte Dumbo,,
18,,Bouillotte ourson rose,,
19,,Bouillotte dessin mignon,,
20,,Bouillotte petit lapin,,
21,,Bouillotte Bear,,
22,,Bouillotte sac à main,,
23,,Bouillotte Paresseuse,,
24,,Bouillotte électrique animale,,
25,,Devenez incollable sur les bouillottes avec Professeur Boubouille,,
26,,,❤ Ce qu'ils pensent de nos bouillottes,
27,,,"Bouillotte sur le foie, quels bienfaits ?",
28,,,Comment soigner la constipation,
29,,,"Douleurs lombaires dues aux règles, comment les soulager ?",
30,,,,large choix de bouillotte
31,,,,bouillotte
32,,,,bouillottes
33,,,,bouillotte
34,,,,comment marche une bouillotte ?
35,,,,la bouillotte
36,,,,la bouillotte chauffante
37,,,,minis bouillottes
38,,,,Choisir sa bouillotte
39,,,,bouillotte
40,,,,différents types de bouillottes
41,,,,bouillottes chauffantes
